ID,Experience,Time,Skill,Subskill,Score
1,Guided,Post,Applicability,Discovery,5
2,Guided,Post,Applicability,Discovery,
3,Guided,Post,Applicability,Discovery,3
4,Guided,Post,Applicability,Discovery,5
5,Guided,Post,Applicability,Discovery,2
6,Guided,Post,Applicability,Discovery,3
7,Guided,Post,Applicability,Discovery,3
8,Guided,Post,Applicability,Discovery,
9,Guided,Post,Applicability,Discovery,3
10,Guided,Post,Applicability,Discovery,3
11,Guided,Post,Applicability,Discovery,3
12,Guided,Post,Applicability,Discovery,4
13,Guided,Post,Applicability,Discovery,4
14,Guided,Post,Applicability,Discovery,3
15,Guided,Post,Applicability,Discovery,3
16,Guided,Post,Applicability,Discovery,4
17,Guided,Post,Applicability,Discovery,4
18,Guided,Post,Applicability,Discovery,4
19,Guided,Post,Applicability,Discovery,3
20,Guided,Post,Applicability,Discovery,
21,Guided,Post,Applicability,Discovery,4
22,Guided,Post,Applicability,Discovery,4
23,Guided,Post,Applicability,Discovery,
24,Guided,Post,Applicability,Discovery,1
25,Guided,Post,Applicability,Discovery,3
26,Guided,Post,Applicability,Discovery,4
27,Guided,Post,Applicability,Discovery,4
28,Guided,Post,Applicability,Discovery,2
unid2,Autonomous,Post,Applicability,Discovery,4
ALI-22,Autonomous,Post,Applicability,Discovery,2
AMY-31,Autonomous,Post,Applicability,Discovery,
AND-71,Autonomous,Post,Applicability,Discovery,3
ASH-36,Autonomous,Post,Applicability,Discovery,4
BEC-10,Autonomous,Post,Applicability,Discovery,
BUF-12,Autonomous,Post,Applicability,Discovery,3
CAR-24,Autonomous,Post,Applicability,Discovery,3
CIN-80,Autonomous,Post,Applicability,Discovery,
COL-11,Autonomous,Post,Applicability,Discovery,4
CON-11,Autonomous,Post,Applicability,Discovery,3
CON-68,Autonomous,Post,Applicability,Discovery,4
DON-64,Autonomous,Post,Applicability,Discovery,3
HUI-14,Autonomous,Post,Applicability,Discovery,3
IDA-HA,Autonomous,Post,Applicability,Discovery,3
JUD-32,Autonomous,Post,Applicability,Discovery,3
KYU-13,Autonomous,Post,Applicability,Discovery,
LAD-11,Autonomous,Post,Applicability,Discovery,3
LAU-21,Autonomous,Post,Applicability,Discovery,
LAU-91,Autonomous,Post,Applicability,Discovery,
LIS-80,Autonomous,Post,Applicability,Discovery,
16-Mar,Autonomous,Post,Applicability,Discovery,4
31-Mar,Autonomous,Post,Applicability,Discovery,
PAT-22,Autonomous,Post,Applicability,Discovery,3
ROQ-20,Autonomous,Post,Applicability,Discovery,3
RHO-36,Autonomous,Post,Applicability,Discovery,
RHO-80,Autonomous,Post,Applicability,Discovery,3
SHA-26,Autonomous,Post,Applicability,Discovery,4
TAM-30,Autonomous,Post,Applicability,Discovery,1
TRE-15,Autonomous,Post,Applicability,Discovery,
unid3,Autonomous,Post,Applicability,Discovery,
unid4,Autonomous,Post,Applicability,Discovery,
TIC-21,Autonomous,Post,Applicability,Discovery,3
CAR-91,Autonomous,Post,Applicability,Discovery,4
LIL-20,Autonomous,Post,Applicability,Discovery,5
unid,Autonomous,Post,Applicability,Discovery,3
1,Guided,Post,Applicability,Skills,5
2,Guided,Post,Applicability,Skills,
3,Guided,Post,Applicability,Skills,3
4,Guided,Post,Applicability,Skills,5
5,Guided,Post,Applicability,Skills,4
6,Guided,Post,Applicability,Skills,4
7,Guided,Post,Applicability,Skills,4
8,Guided,Post,Applicability,Skills,
9,Guided,Post,Applicability,Skills,5
10,Guided,Post,Applicability,Skills,4
11,Guided,Post,Applicability,Skills,4
12,Guided,Post,Applicability,Skills,5
13,Guided,Post,Applicability,Skills,4
14,Guided,Post,Applicability,Skills,4
15,Guided,Post,Applicability,Skills,4
16,Guided,Post,Applicability,Skills,5
17,Guided,Post,Applicability,Skills,4
18,Guided,Post,Applicability,Skills,5
19,Guided,Post,Applicability,Skills,5
20,Guided,Post,Applicability,Skills,
21,Guided,Post,Applicability,Skills,5
22,Guided,Post,Applicability,Skills,5
23,Guided,Post,Applicability,Skills,
24,Guided,Post,Applicability,Skills,1
25,Guided,Post,Applicability,Skills,3
26,Guided,Post,Applicability,Skills,5
27,Guided,Post,Applicability,Skills,5
28,Guided,Post,Applicability,Skills,3
unid2,Autonomous,Post,Applicability,Skills,5
ALI-22,Autonomous,Post,Applicability,Skills,5
AMY-31,Autonomous,Post,Applicability,Skills,
AND-71,Autonomous,Post,Applicability,Skills,5
ASH-36,Autonomous,Post,Applicability,Skills,5
BEC-10,Autonomous,Post,Applicability,Skills,
BUF-12,Autonomous,Post,Applicability,Skills,5
CAR-24,Autonomous,Post,Applicability,Skills,4
CIN-80,Autonomous,Post,Applicability,Skills,
COL-11,Autonomous,Post,Applicability,Skills,4
CON-11,Autonomous,Post,Applicability,Skills,3
CON-68,Autonomous,Post,Applicability,Skills,3
DON-64,Autonomous,Post,Applicability,Skills,5
HUI-14,Autonomous,Post,Applicability,Skills,4
IDA-HA,Autonomous,Post,Applicability,Skills,3
JUD-32,Autonomous,Post,Applicability,Skills,5
KYU-13,Autonomous,Post,Applicability,Skills,
LAD-11,Autonomous,Post,Applicability,Skills,5
LAU-21,Autonomous,Post,Applicability,Skills,
LAU-91,Autonomous,Post,Applicability,Skills,
LIS-80,Autonomous,Post,Applicability,Skills,
16-Mar,Autonomous,Post,Applicability,Skills,4
31-Mar,Autonomous,Post,Applicability,Skills,
PAT-22,Autonomous,Post,Applicability,Skills,2
ROQ-20,Autonomous,Post,Applicability,Skills,4
RHO-36,Autonomous,Post,Applicability,Skills,
RHO-80,Autonomous,Post,Applicability,Skills,5
SHA-26,Autonomous,Post,Applicability,Skills,3
TAM-30,Autonomous,Post,Applicability,Skills,4
TRE-15,Autonomous,Post,Applicability,Skills,
unid3,Autonomous,Post,Applicability,Skills,
unid4,Autonomous,Post,Applicability,Skills,
TIC-21,Autonomous,Post,Applicability,Skills,5
CAR-91,Autonomous,Post,Applicability,Skills,2
LIL-20,Autonomous,Post,Applicability,Skills,5
unid,Autonomous,Post,Applicability,Skills,3
1,Guided,Post,Applicability,Everyday,5
2,Guided,Post,Applicability,Everyday,
3,Guided,Post,Applicability,Everyday,5
4,Guided,Post,Applicability,Everyday,3
5,Guided,Post,Applicability,Everyday,1
6,Guided,Post,Applicability,Everyday,4
7,Guided,Post,Applicability,Everyday,3
8,Guided,Post,Applicability,Everyday,
9,Guided,Post,Applicability,Everyday,3
10,Guided,Post,Applicability,Everyday,4
11,Guided,Post,Applicability,Everyday,1
12,Guided,Post,Applicability,Everyday,4
13,Guided,Post,Applicability,Everyday,2
14,Guided,Post,Applicability,Everyday,2
15,Guided,Post,Applicability,Everyday,2
16,Guided,Post,Applicability,Everyday,3
17,Guided,Post,Applicability,Everyday,2
18,Guided,Post,Applicability,Everyday,2
19,Guided,Post,Applicability,Everyday,3
20,Guided,Post,Applicability,Everyday,
21,Guided,Post,Applicability,Everyday,1
22,Guided,Post,Applicability,Everyday,3
23,Guided,Post,Applicability,Everyday,
24,Guided,Post,Applicability,Everyday,4
25,Guided,Post,Applicability,Everyday,2
26,Guided,Post,Applicability,Everyday,5
27,Guided,Post,Applicability,Everyday,4
28,Guided,Post,Applicability,Everyday,1
unid2,Autonomous,Post,Applicability,Everyday,4
ALI-22,Autonomous,Post,Applicability,Everyday,4
AMY-31,Autonomous,Post,Applicability,Everyday,
AND-71,Autonomous,Post,Applicability,Everyday,4
ASH-36,Autonomous,Post,Applicability,Everyday,3
BEC-10,Autonomous,Post,Applicability,Everyday,
BUF-12,Autonomous,Post,Applicability,Everyday,4
CAR-24,Autonomous,Post,Applicability,Everyday,3
CIN-80,Autonomous,Post,Applicability,Everyday,
COL-11,Autonomous,Post,Applicability,Everyday,3
CON-11,Autonomous,Post,Applicability,Everyday,3
CON-68,Autonomous,Post,Applicability,Everyday,3
DON-64,Autonomous,Post,Applicability,Everyday,4
HUI-14,Autonomous,Post,Applicability,Everyday,3
IDA-HA,Autonomous,Post,Applicability,Everyday,3
JUD-32,Autonomous,Post,Applicability,Everyday,2
KYU-13,Autonomous,Post,Applicability,Everyday,
LAD-11,Autonomous,Post,Applicability,Everyday,5
LAU-21,Autonomous,Post,Applicability,Everyday,
LAU-91,Autonomous,Post,Applicability,Everyday,
LIS-80,Autonomous,Post,Applicability,Everyday,
16-Mar,Autonomous,Post,Applicability,Everyday,3
31-Mar,Autonomous,Post,Applicability,Everyday,
PAT-22,Autonomous,Post,Applicability,Everyday,1
ROQ-20,Autonomous,Post,Applicability,Everyday,5
RHO-36,Autonomous,Post,Applicability,Everyday,
RHO-80,Autonomous,Post,Applicability,Everyday,3
SHA-26,Autonomous,Post,Applicability,Everyday,5
TAM-30,Autonomous,Post,Applicability,Everyday,4
TRE-15,Autonomous,Post,Applicability,Everyday,
unid3,Autonomous,Post,Applicability,Everyday,
unid4,Autonomous,Post,Applicability,Everyday,
TIC-21,Autonomous,Post,Applicability,Everyday,3
CAR-91,Autonomous,Post,Applicability,Everyday,4
LIL-20,Autonomous,Post,Applicability,Everyday,5
unid,Autonomous,Post,Applicability,Everyday,2
1,Guided,Pre,Applicability,Discovery,3
2,Guided,Pre,Applicability,Discovery,5
3,Guided,Pre,Applicability,Discovery,3
4,Guided,Pre,Applicability,Discovery,5
5,Guided,Pre,Applicability,Discovery,5
6,Guided,Pre,Applicability,Discovery,4
7,Guided,Pre,Applicability,Discovery,5
8,Guided,Pre,Applicability,Discovery,4
9,Guided,Pre,Applicability,Discovery,5
10,Guided,Pre,Applicability,Discovery,2
11,Guided,Pre,Applicability,Discovery,5
12,Guided,Pre,Applicability,Discovery,4
13,Guided,Pre,Applicability,Discovery,5
14,Guided,Pre,Applicability,Discovery,3
15,Guided,Pre,Applicability,Discovery,4
16,Guided,Pre,Applicability,Discovery,4
17,Guided,Pre,Applicability,Discovery,5
18,Guided,Pre,Applicability,Discovery,4
19,Guided,Pre,Applicability,Discovery,5
20,Guided,Pre,Applicability,Discovery,5
21,Guided,Pre,Applicability,Discovery,5
22,Guided,Pre,Applicability,Discovery,5
23,Guided,Pre,Applicability,Discovery,2
24,Guided,Pre,Applicability,Discovery,5
25,Guided,Pre,Applicability,Discovery,4
26,Guided,Pre,Applicability,Discovery,4
27,Guided,Pre,Applicability,Discovery,4
28,Guided,Pre,Applicability,Discovery,4
ALI-22,Autonomous,Pre,Applicability,Discovery,4
AMY-31,Autonomous,Pre,Applicability,Discovery,3
AND-71,Autonomous,Pre,Applicability,Discovery,4
ASH-36,Autonomous,Pre,Applicability,Discovery,NA
BEC-10,Autonomous,Pre,Applicability,Discovery,3
BUF-12,Autonomous,Pre,Applicability,Discovery,4
CAR-24,Autonomous,Pre,Applicability,Discovery,1
CIN-80,Autonomous,Pre,Applicability,Discovery,1
COL-11,Autonomous,Pre,Applicability,Discovery,NA
CON-11,Autonomous,Pre,Applicability,Discovery,2
CON-68,Autonomous,Pre,Applicability,Discovery,3
DON-64,Autonomous,Pre,Applicability,Discovery,
HUI-14,Autonomous,Pre,Applicability,Discovery,3
IDA-HA,Autonomous,Pre,Applicability,Discovery,2
JUD-32,Autonomous,Pre,Applicability,Discovery,2
KYU-13,Autonomous,Pre,Applicability,Discovery,4
LAD-11,Autonomous,Pre,Applicability,Discovery,2
LAU-21,Autonomous,Pre,Applicability,Discovery,2
LAU-91,Autonomous,Pre,Applicability,Discovery,NA
LIS-80,Autonomous,Pre,Applicability,Discovery,1
16-Mar,Autonomous,Pre,Applicability,Discovery,1
31-Mar,Autonomous,Pre,Applicability,Discovery,4
PAT-22,Autonomous,Pre,Applicability,Discovery,1
ROQ-20,Autonomous,Pre,Applicability,Discovery,3
RHO-36,Autonomous,Pre,Applicability,Discovery,4
RHO-80,Autonomous,Pre,Applicability,Discovery,2
SHA-261,Autonomous,Pre,Applicability,Discovery,NA
TAM-30,Autonomous,Pre,Applicability,Discovery,1
TRE-15,Autonomous,Pre,Applicability,Discovery,NA
unid1,Autonomous,Pre,Applicability,Discovery,3
1,Guided,Pre,Applicability,Skills,5
2,Guided,Pre,Applicability,Skills,3
3,Guided,Pre,Applicability,Skills,1
4,Guided,Pre,Applicability,Skills,5
5,Guided,Pre,Applicability,Skills,4
6,Guided,Pre,Applicability,Skills,3
7,Guided,Pre,Applicability,Skills,3
8,Guided,Pre,Applicability,Skills,3
9,Guided,Pre,Applicability,Skills,4
10,Guided,Pre,Applicability,Skills,2
11,Guided,Pre,Applicability,Skills,3
12,Guided,Pre,Applicability,Skills,3
13,Guided,Pre,Applicability,Skills,4
14,Guided,Pre,Applicability,Skills,2
15,Guided,Pre,Applicability,Skills,4
16,Guided,Pre,Applicability,Skills,3
17,Guided,Pre,Applicability,Skills,4
18,Guided,Pre,Applicability,Skills,4
19,Guided,Pre,Applicability,Skills,2
20,Guided,Pre,Applicability,Skills,4
21,Guided,Pre,Applicability,Skills,4
22,Guided,Pre,Applicability,Skills,4
23,Guided,Pre,Applicability,Skills,1
24,Guided,Pre,Applicability,Skills,5
25,Guided,Pre,Applicability,Skills,5
26,Guided,Pre,Applicability,Skills,4
27,Guided,Pre,Applicability,Skills,3
28,Guided,Pre,Applicability,Skills,3
ALI-22,Autonomous,Pre,Applicability,Skills,5
AMY-31,Autonomous,Pre,Applicability,Skills,5
AND-71,Autonomous,Pre,Applicability,Skills,5
ASH-36,Autonomous,Pre,Applicability,Skills,NA
BEC-10,Autonomous,Pre,Applicability,Skills,3
BUF-12,Autonomous,Pre,Applicability,Skills,5
CAR-24,Autonomous,Pre,Applicability,Skills,3
CIN-80,Autonomous,Pre,Applicability,Skills,3
COL-11,Autonomous,Pre,Applicability,Skills,NA
CON-11,Autonomous,Pre,Applicability,Skills,3
CON-68,Autonomous,Pre,Applicability,Skills,4
DON-64,Autonomous,Pre,Applicability,Skills,5
HUI-14,Autonomous,Pre,Applicability,Skills,4
IDA-HA,Autonomous,Pre,Applicability,Skills,5
JUD-32,Autonomous,Pre,Applicability,Skills,4
KYU-13,Autonomous,Pre,Applicability,Skills,4
LAD-11,Autonomous,Pre,Applicability,Skills,4
LAU-21,Autonomous,Pre,Applicability,Skills,5
LAU-91,Autonomous,Pre,Applicability,Skills,NA
LIS-80,Autonomous,Pre,Applicability,Skills,4
16-Mar,Autonomous,Pre,Applicability,Skills,3
31-Mar,Autonomous,Pre,Applicability,Skills,3
PAT-22,Autonomous,Pre,Applicability,Skills,2
ROQ-20,Autonomous,Pre,Applicability,Skills,5
RHO-36,Autonomous,Pre,Applicability,Skills,5
RHO-80,Autonomous,Pre,Applicability,Skills,5
SHA-261,Autonomous,Pre,Applicability,Skills,NA
TAM-30,Autonomous,Pre,Applicability,Skills,4
TRE-15,Autonomous,Pre,Applicability,Skills,NA
unid1,Autonomous,Pre,Applicability,Skills,2
1,Guided,Pre,Applicability,Everyday,5
2,Guided,Pre,Applicability,Everyday,4
3,Guided,Pre,Applicability,Everyday,3
4,Guided,Pre,Applicability,Everyday,5
5,Guided,Pre,Applicability,Everyday,5
6,Guided,Pre,Applicability,Everyday,3
7,Guided,Pre,Applicability,Everyday,5
8,Guided,Pre,Applicability,Everyday,4
9,Guided,Pre,Applicability,Everyday,4
10,Guided,Pre,Applicability,Everyday,4
11,Guided,Pre,Applicability,Everyday,5
12,Guided,Pre,Applicability,Everyday,4
13,Guided,Pre,Applicability,Everyday,4
14,Guided,Pre,Applicability,Everyday,3
15,Guided,Pre,Applicability,Everyday,3
16,Guided,Pre,Applicability,Everyday,2
17,Guided,Pre,Applicability,Everyday,3
18,Guided,Pre,Applicability,Everyday,4
19,Guided,Pre,Applicability,Everyday,2
20,Guided,Pre,Applicability,Everyday,4
21,Guided,Pre,Applicability,Everyday,5
22,Guided,Pre,Applicability,Everyday,4
23,Guided,Pre,Applicability,Everyday,3
24,Guided,Pre,Applicability,Everyday,4
25,Guided,Pre,Applicability,Everyday,5
26,Guided,Pre,Applicability,Everyday,3
27,Guided,Pre,Applicability,Everyday,4
28,Guided,Pre,Applicability,Everyday,4
ALI-22,Autonomous,Pre,Applicability,Everyday,5
AMY-31,Autonomous,Pre,Applicability,Everyday,2
AND-71,Autonomous,Pre,Applicability,Everyday,5
ASH-36,Autonomous,Pre,Applicability,Everyday,NA
BEC-10,Autonomous,Pre,Applicability,Everyday,4
BUF-12,Autonomous,Pre,Applicability,Everyday,4
CAR-24,Autonomous,Pre,Applicability,Everyday,2
CIN-80,Autonomous,Pre,Applicability,Everyday,2
COL-11,Autonomous,Pre,Applicability,Everyday,NA
CON-11,Autonomous,Pre,Applicability,Everyday,3
CON-68,Autonomous,Pre,Applicability,Everyday,3
DON-64,Autonomous,Pre,Applicability,Everyday,3
HUI-14,Autonomous,Pre,Applicability,Everyday,3
IDA-HA,Autonomous,Pre,Applicability,Everyday,3
JUD-32,Autonomous,Pre,Applicability,Everyday,3
KYU-13,Autonomous,Pre,Applicability,Everyday,4
LAD-11,Autonomous,Pre,Applicability,Everyday,4
LAU-21,Autonomous,Pre,Applicability,Everyday,3
LAU-91,Autonomous,Pre,Applicability,Everyday,NA
LIS-80,Autonomous,Pre,Applicability,Everyday,3
16-Mar,Autonomous,Pre,Applicability,Everyday,2
31-Mar,Autonomous,Pre,Applicability,Everyday,2
PAT-22,Autonomous,Pre,Applicability,Everyday,2
ROQ-20,Autonomous,Pre,Applicability,Everyday,4
RHO-36,Autonomous,Pre,Applicability,Everyday,4
RHO-80,Autonomous,Pre,Applicability,Everyday,4
SHA-261,Autonomous,Pre,Applicability,Everyday,NA
TAM-30,Autonomous,Pre,Applicability,Everyday,3
TRE-15,Autonomous,Pre,Applicability,Everyday,NA
unid1,Autonomous,Pre,Applicability,Everyday,4
1,Guided,Post,Confidence,Perform,5
2,Guided,Post,Confidence,Perform,
3,Guided,Post,Confidence,Perform,4
4,Guided,Post,Confidence,Perform,5
5,Guided,Post,Confidence,Perform,3
6,Guided,Post,Confidence,Perform,4
7,Guided,Post,Confidence,Perform,5
8,Guided,Post,Confidence,Perform,
9,Guided,Post,Confidence,Perform,5
10,Guided,Post,Confidence,Perform,4
11,Guided,Post,Confidence,Perform,5
12,Guided,Post,Confidence,Perform,4
13,Guided,Post,Confidence,Perform,4
14,Guided,Post,Confidence,Perform,4
15,Guided,Post,Confidence,Perform,4
16,Guided,Post,Confidence,Perform,4
17,Guided,Post,Confidence,Perform,4
18,Guided,Post,Confidence,Perform,5
19,Guided,Post,Confidence,Perform,4
20,Guided,Post,Confidence,Perform,
21,Guided,Post,Confidence,Perform,5
22,Guided,Post,Confidence,Perform,4
23,Guided,Post,Confidence,Perform,
24,Guided,Post,Confidence,Perform,5
25,Guided,Post,Confidence,Perform,3
26,Guided,Post,Confidence,Perform,5
27,Guided,Post,Confidence,Perform,3
28,Guided,Post,Confidence,Perform,4
unid2,Autonomous,Post,Confidence,Perform,4
ALI-22,Autonomous,Post,Confidence,Perform,5
AMY-31,Autonomous,Post,Confidence,Perform,
AND-71,Autonomous,Post,Confidence,Perform,4
ASH-36,Autonomous,Post,Confidence,Perform,4
BEC-10,Autonomous,Post,Confidence,Perform,
BUF-12,Autonomous,Post,Confidence,Perform,5
CAR-24,Autonomous,Post,Confidence,Perform,4
CIN-80,Autonomous,Post,Confidence,Perform,
COL-11,Autonomous,Post,Confidence,Perform,5
CON-11,Autonomous,Post,Confidence,Perform,5
CON-68,Autonomous,Post,Confidence,Perform,4
DON-64,Autonomous,Post,Confidence,Perform,5
HUI-14,Autonomous,Post,Confidence,Perform,5
IDA-HA,Autonomous,Post,Confidence,Perform,5
JUD-32,Autonomous,Post,Confidence,Perform,4
KYU-13,Autonomous,Post,Confidence,Perform,
LAD-11,Autonomous,Post,Confidence,Perform,4
LAU-21,Autonomous,Post,Confidence,Perform,
LAU-91,Autonomous,Post,Confidence,Perform,
LIS-80,Autonomous,Post,Confidence,Perform,
16-Mar,Autonomous,Post,Confidence,Perform,4
31-Mar,Autonomous,Post,Confidence,Perform,
PAT-22,Autonomous,Post,Confidence,Perform,4
ROQ-20,Autonomous,Post,Confidence,Perform,3
RHO-36,Autonomous,Post,Confidence,Perform,
RHO-80,Autonomous,Post,Confidence,Perform,3
SHA-26,Autonomous,Post,Confidence,Perform,4
TAM-30,Autonomous,Post,Confidence,Perform,5
TRE-15,Autonomous,Post,Confidence,Perform,
unid3,Autonomous,Post,Confidence,Perform,
unid4,Autonomous,Post,Confidence,Perform,
TIC-21,Autonomous,Post,Confidence,Perform,4
CAR-91,Autonomous,Post,Confidence,Perform,5
LIL-20,Autonomous,Post,Confidence,Perform,5
unid,Autonomous,Post,Confidence,Perform,4
1,Guided,Post,Confidence,Design,4
2,Guided,Post,Confidence,Design,
3,Guided,Post,Confidence,Design,4
4,Guided,Post,Confidence,Design,5
5,Guided,Post,Confidence,Design,2
6,Guided,Post,Confidence,Design,2
7,Guided,Post,Confidence,Design,5
8,Guided,Post,Confidence,Design,
9,Guided,Post,Confidence,Design,4
10,Guided,Post,Confidence,Design,3
11,Guided,Post,Confidence,Design,4
12,Guided,Post,Confidence,Design,3
13,Guided,Post,Confidence,Design,4
14,Guided,Post,Confidence,Design,3
15,Guided,Post,Confidence,Design,2
16,Guided,Post,Confidence,Design,4
17,Guided,Post,Confidence,Design,3
18,Guided,Post,Confidence,Design,4
19,Guided,Post,Confidence,Design,3
20,Guided,Post,Confidence,Design,
21,Guided,Post,Confidence,Design,4
22,Guided,Post,Confidence,Design,3
23,Guided,Post,Confidence,Design,
24,Guided,Post,Confidence,Design,5
25,Guided,Post,Confidence,Design,2
26,Guided,Post,Confidence,Design,3
27,Guided,Post,Confidence,Design,3
28,Guided,Post,Confidence,Design,3
unid2,Autonomous,Post,Confidence,Design,3
ALI-22,Autonomous,Post,Confidence,Design,4
AMY-31,Autonomous,Post,Confidence,Design,
AND-71,Autonomous,Post,Confidence,Design,3
ASH-36,Autonomous,Post,Confidence,Design,4
BEC-10,Autonomous,Post,Confidence,Design,
BUF-12,Autonomous,Post,Confidence,Design,4
CAR-24,Autonomous,Post,Confidence,Design,3
CIN-80,Autonomous,Post,Confidence,Design,
COL-11,Autonomous,Post,Confidence,Design,5
CON-11,Autonomous,Post,Confidence,Design,5
CON-68,Autonomous,Post,Confidence,Design,2
DON-64,Autonomous,Post,Confidence,Design,4
HUI-14,Autonomous,Post,Confidence,Design,3
IDA-HA,Autonomous,Post,Confidence,Design,4
JUD-32,Autonomous,Post,Confidence,Design,4
KYU-13,Autonomous,Post,Confidence,Design,
LAD-11,Autonomous,Post,Confidence,Design,4
LAU-21,Autonomous,Post,Confidence,Design,
LAU-91,Autonomous,Post,Confidence,Design,
LIS-80,Autonomous,Post,Confidence,Design,
16-Mar,Autonomous,Post,Confidence,Design,4
31-Mar,Autonomous,Post,Confidence,Design,
PAT-22,Autonomous,Post,Confidence,Design,2
ROQ-20,Autonomous,Post,Confidence,Design,1
RHO-36,Autonomous,Post,Confidence,Design,
RHO-80,Autonomous,Post,Confidence,Design,2
SHA-26,Autonomous,Post,Confidence,Design,3
TAM-30,Autonomous,Post,Confidence,Design,3
TRE-15,Autonomous,Post,Confidence,Design,
unid3,Autonomous,Post,Confidence,Design,
unid4,Autonomous,Post,Confidence,Design,
TIC-21,Autonomous,Post,Confidence,Design,4
CAR-91,Autonomous,Post,Confidence,Design,4
LIL-20,Autonomous,Post,Confidence,Design,4
unid,Autonomous,Post,Confidence,Design,3
1,Guided,Post,Confidence,Notebook,4
2,Guided,Post,Confidence,Notebook,
3,Guided,Post,Confidence,Notebook,2
4,Guided,Post,Confidence,Notebook,5
5,Guided,Post,Confidence,Notebook,4
6,Guided,Post,Confidence,Notebook,4
7,Guided,Post,Confidence,Notebook,5
8,Guided,Post,Confidence,Notebook,
9,Guided,Post,Confidence,Notebook,4
10,Guided,Post,Confidence,Notebook,4
11,Guided,Post,Confidence,Notebook,5
12,Guided,Post,Confidence,Notebook,5
13,Guided,Post,Confidence,Notebook,5
14,Guided,Post,Confidence,Notebook,4
15,Guided,Post,Confidence,Notebook,3
16,Guided,Post,Confidence,Notebook,4
17,Guided,Post,Confidence,Notebook,5
18,Guided,Post,Confidence,Notebook,4
19,Guided,Post,Confidence,Notebook,5
20,Guided,Post,Confidence,Notebook,
21,Guided,Post,Confidence,Notebook,5
22,Guided,Post,Confidence,Notebook,4
23,Guided,Post,Confidence,Notebook,
24,Guided,Post,Confidence,Notebook,5
25,Guided,Post,Confidence,Notebook,3
26,Guided,Post,Confidence,Notebook,4
27,Guided,Post,Confidence,Notebook,2
28,Guided,Post,Confidence,Notebook,4
unid2,Autonomous,Post,Confidence,Notebook,5
ALI-22,Autonomous,Post,Confidence,Notebook,5
AMY-31,Autonomous,Post,Confidence,Notebook,
AND-71,Autonomous,Post,Confidence,Notebook,4
ASH-36,Autonomous,Post,Confidence,Notebook,4
BEC-10,Autonomous,Post,Confidence,Notebook,
BUF-12,Autonomous,Post,Confidence,Notebook,4
CAR-24,Autonomous,Post,Confidence,Notebook,3
CIN-80,Autonomous,Post,Confidence,Notebook,
COL-11,Autonomous,Post,Confidence,Notebook,2
CON-11,Autonomous,Post,Confidence,Notebook,5
CON-68,Autonomous,Post,Confidence,Notebook,4
DON-64,Autonomous,Post,Confidence,Notebook,4
HUI-14,Autonomous,Post,Confidence,Notebook,4
IDA-HA,Autonomous,Post,Confidence,Notebook,5
JUD-32,Autonomous,Post,Confidence,Notebook,5
KYU-13,Autonomous,Post,Confidence,Notebook,
LAD-11,Autonomous,Post,Confidence,Notebook,5
LAU-21,Autonomous,Post,Confidence,Notebook,
LAU-91,Autonomous,Post,Confidence,Notebook,
LIS-80,Autonomous,Post,Confidence,Notebook,
16-Mar,Autonomous,Post,Confidence,Notebook,5
31-Mar,Autonomous,Post,Confidence,Notebook,
PAT-22,Autonomous,Post,Confidence,Notebook,4
ROQ-20,Autonomous,Post,Confidence,Notebook,2
RHO-36,Autonomous,Post,Confidence,Notebook,
RHO-80,Autonomous,Post,Confidence,Notebook,4
SHA-26,Autonomous,Post,Confidence,Notebook,4
TAM-30,Autonomous,Post,Confidence,Notebook,5
TRE-15,Autonomous,Post,Confidence,Notebook,
unid3,Autonomous,Post,Confidence,Notebook,
unid4,Autonomous,Post,Confidence,Notebook,
TIC-21,Autonomous,Post,Confidence,Notebook,4
CAR-91,Autonomous,Post,Confidence,Notebook,3
LIL-20,Autonomous,Post,Confidence,Notebook,5
unid,Autonomous,Post,Confidence,Notebook,5
1,Guided,Post,Confidence,Weakness,5
2,Guided,Post,Confidence,Weakness,
3,Guided,Post,Confidence,Weakness,5
4,Guided,Post,Confidence,Weakness,5
5,Guided,Post,Confidence,Weakness,5
6,Guided,Post,Confidence,Weakness,5
7,Guided,Post,Confidence,Weakness,5
8,Guided,Post,Confidence,Weakness,
9,Guided,Post,Confidence,Weakness,5
10,Guided,Post,Confidence,Weakness,4
11,Guided,Post,Confidence,Weakness,2
12,Guided,Post,Confidence,Weakness,4
13,Guided,Post,Confidence,Weakness,5
14,Guided,Post,Confidence,Weakness,4
15,Guided,Post,Confidence,Weakness,5
16,Guided,Post,Confidence,Weakness,5
17,Guided,Post,Confidence,Weakness,4
18,Guided,Post,Confidence,Weakness,5
19,Guided,Post,Confidence,Weakness,4
20,Guided,Post,Confidence,Weakness,
21,Guided,Post,Confidence,Weakness,5
22,Guided,Post,Confidence,Weakness,4
23,Guided,Post,Confidence,Weakness,
24,Guided,Post,Confidence,Weakness,1
25,Guided,Post,Confidence,Weakness,4
26,Guided,Post,Confidence,Weakness,3
27,Guided,Post,Confidence,Weakness,3
28,Guided,Post,Confidence,Weakness,1
unid2,Autonomous,Post,Confidence,Weakness,3
ALI-22,Autonomous,Post,Confidence,Weakness,
AMY-31,Autonomous,Post,Confidence,Weakness,4
AND-71,Autonomous,Post,Confidence,Weakness,4
ASH-36,Autonomous,Post,Confidence,Weakness,
BEC-10,Autonomous,Post,Confidence,Weakness,3
BUF-12,Autonomous,Post,Confidence,Weakness,4
CAR-24,Autonomous,Post,Confidence,Weakness,
CIN-80,Autonomous,Post,Confidence,Weakness,3
COL-11,Autonomous,Post,Confidence,Weakness,2
CON-11,Autonomous,Post,Confidence,Weakness,3
CON-68,Autonomous,Post,Confidence,Weakness,5
DON-64,Autonomous,Post,Confidence,Weakness,3
HUI-14,Autonomous,Post,Confidence,Weakness,2
IDA-HA,Autonomous,Post,Confidence,Weakness,2
JUD-32,Autonomous,Post,Confidence,Weakness,
KYU-13,Autonomous,Post,Confidence,Weakness,5
LAD-11,Autonomous,Post,Confidence,Weakness,
LAU-21,Autonomous,Post,Confidence,Weakness,
LAU-91,Autonomous,Post,Confidence,Weakness,
LIS-80,Autonomous,Post,Confidence,Weakness,2
16-Mar,Autonomous,Post,Confidence,Weakness,
31-Mar,Autonomous,Post,Confidence,Weakness,2
PAT-22,Autonomous,Post,Confidence,Weakness,5
ROQ-20,Autonomous,Post,Confidence,Weakness,
RHO-36,Autonomous,Post,Confidence,Weakness,3
RHO-80,Autonomous,Post,Confidence,Weakness,4
SHA-26,Autonomous,Post,Confidence,Weakness,2
TAM-30,Autonomous,Post,Confidence,Weakness,
TRE-15,Autonomous,Post,Confidence,Weakness,
unid3,Autonomous,Post,Confidence,Weakness,
unid4,Autonomous,Post,Confidence,Weakness,
TIC-21,Autonomous,Post,Confidence,Weakness,4
CAR-91,Autonomous,Post,Confidence,Weakness,3
LIL-20,Autonomous,Post,Confidence,Weakness,5
unid,Autonomous,Post,Confidence,Weakness,1
1,Guided,Pre,Confidence,Perform,4
2,Guided,Pre,Confidence,Perform,5
3,Guided,Pre,Confidence,Perform,3
4,Guided,Pre,Confidence,Perform,5
5,Guided,Pre,Confidence,Perform,3
6,Guided,Pre,Confidence,Perform,4
7,Guided,Pre,Confidence,Perform,5
8,Guided,Pre,Confidence,Perform,3
9,Guided,Pre,Confidence,Perform,4
10,Guided,Pre,Confidence,Perform,4
11,Guided,Pre,Confidence,Perform,5
12,Guided,Pre,Confidence,Perform,4
13,Guided,Pre,Confidence,Perform,5
14,Guided,Pre,Confidence,Perform,3
15,Guided,Pre,Confidence,Perform,5
16,Guided,Pre,Confidence,Perform,5
17,Guided,Pre,Confidence,Perform,2
18,Guided,Pre,Confidence,Perform,5
19,Guided,Pre,Confidence,Perform,4
20,Guided,Pre,Confidence,Perform,5
21,Guided,Pre,Confidence,Perform,5
22,Guided,Pre,Confidence,Perform,4
23,Guided,Pre,Confidence,Perform,5
24,Guided,Pre,Confidence,Perform,5
25,Guided,Pre,Confidence,Perform,3
26,Guided,Pre,Confidence,Perform,5
27,Guided,Pre,Confidence,Perform,2
28,Guided,Pre,Confidence,Perform,5
ALI-22,Autonomous,Pre,Confidence,Perform,5
AMY-31,Autonomous,Pre,Confidence,Perform,5
AND-71,Autonomous,Pre,Confidence,Perform,4
ASH-36,Autonomous,Pre,Confidence,Perform,NA
BEC-10,Autonomous,Pre,Confidence,Perform,5
BUF-12,Autonomous,Pre,Confidence,Perform,5
CAR-24,Autonomous,Pre,Confidence,Perform,3
CIN-80,Autonomous,Pre,Confidence,Perform,5
COL-11,Autonomous,Pre,Confidence,Perform,NA
CON-11,Autonomous,Pre,Confidence,Perform,4
CON-68,Autonomous,Pre,Confidence,Perform,4
DON-64,Autonomous,Pre,Confidence,Perform,5
HUI-14,Autonomous,Pre,Confidence,Perform,4
IDA-HA,Autonomous,Pre,Confidence,Perform,4
JUD-32,Autonomous,Pre,Confidence,Perform,4
KYU-13,Autonomous,Pre,Confidence,Perform,1
LAD-11,Autonomous,Pre,Confidence,Perform,4
LAU-21,Autonomous,Pre,Confidence,Perform,5
LAU-91,Autonomous,Pre,Confidence,Perform,NA
LIS-80,Autonomous,Pre,Confidence,Perform,5
16-Mar,Autonomous,Pre,Confidence,Perform,4
31-Mar,Autonomous,Pre,Confidence,Perform,5
PAT-22,Autonomous,Pre,Confidence,Perform,4
ROQ-20,Autonomous,Pre,Confidence,Perform,3
RHO-36,Autonomous,Pre,Confidence,Perform,2
RHO-80,Autonomous,Pre,Confidence,Perform,2
SHA-261,Autonomous,Pre,Confidence,Perform,NA
TAM-30,Autonomous,Pre,Confidence,Perform,5
TRE-15,Autonomous,Pre,Confidence,Perform,NA
unid1,Autonomous,Pre,Confidence,Perform,4
1,Guided,Pre,Confidence,Design,4
2,Guided,Pre,Confidence,Design,5
3,Guided,Pre,Confidence,Design,2
4,Guided,Pre,Confidence,Design,4
5,Guided,Pre,Confidence,Design,2
6,Guided,Pre,Confidence,Design,1
7,Guided,Pre,Confidence,Design,5
8,Guided,Pre,Confidence,Design,3
9,Guided,Pre,Confidence,Design,3
10,Guided,Pre,Confidence,Design,2
11,Guided,Pre,Confidence,Design,4
12,Guided,Pre,Confidence,Design,4
13,Guided,Pre,Confidence,Design,4
14,Guided,Pre,Confidence,Design,2
15,Guided,Pre,Confidence,Design,2
16,Guided,Pre,Confidence,Design,4
17,Guided,Pre,Confidence,Design,3
18,Guided,Pre,Confidence,Design,4
19,Guided,Pre,Confidence,Design,2
20,Guided,Pre,Confidence,Design,3
21,Guided,Pre,Confidence,Design,4
22,Guided,Pre,Confidence,Design,4
23,Guided,Pre,Confidence,Design,2
24,Guided,Pre,Confidence,Design,5
25,Guided,Pre,Confidence,Design,3
26,Guided,Pre,Confidence,Design,4
27,Guided,Pre,Confidence,Design,1
28,Guided,Pre,Confidence,Design,1
ALI-22,Autonomous,Pre,Confidence,Design,3
AMY-31,Autonomous,Pre,Confidence,Design,2
AND-71,Autonomous,Pre,Confidence,Design,2
ASH-36,Autonomous,Pre,Confidence,Design,NA
BEC-10,Autonomous,Pre,Confidence,Design,4
BUF-12,Autonomous,Pre,Confidence,Design,4
CAR-24,Autonomous,Pre,Confidence,Design,2
CIN-80,Autonomous,Pre,Confidence,Design,3
COL-11,Autonomous,Pre,Confidence,Design,NA
CON-11,Autonomous,Pre,Confidence,Design,4
CON-68,Autonomous,Pre,Confidence,Design,3
DON-64,Autonomous,Pre,Confidence,Design,3
HUI-14,Autonomous,Pre,Confidence,Design,2
IDA-HA,Autonomous,Pre,Confidence,Design,2
JUD-32,Autonomous,Pre,Confidence,Design,3
KYU-13,Autonomous,Pre,Confidence,Design,3
LAD-11,Autonomous,Pre,Confidence,Design,3
LAU-21,Autonomous,Pre,Confidence,Design,4
LAU-91,Autonomous,Pre,Confidence,Design,NA
LIS-80,Autonomous,Pre,Confidence,Design,4
16-Mar,Autonomous,Pre,Confidence,Design,3
31-Mar,Autonomous,Pre,Confidence,Design,4
PAT-22,Autonomous,Pre,Confidence,Design,2
ROQ-20,Autonomous,Pre,Confidence,Design,1
RHO-36,Autonomous,Pre,Confidence,Design,3
RHO-80,Autonomous,Pre,Confidence,Design,4
SHA-261,Autonomous,Pre,Confidence,Design,NA
TAM-30,Autonomous,Pre,Confidence,Design,2
TRE-15,Autonomous,Pre,Confidence,Design,NA
unid1,Autonomous,Pre,Confidence,Design,1
1,Guided,Pre,Confidence,Notebook,5
2,Guided,Pre,Confidence,Notebook,5
3,Guided,Pre,Confidence,Notebook,4
4,Guided,Pre,Confidence,Notebook,4
5,Guided,Pre,Confidence,Notebook,3
6,Guided,Pre,Confidence,Notebook,4
7,Guided,Pre,Confidence,Notebook,5
8,Guided,Pre,Confidence,Notebook,5
9,Guided,Pre,Confidence,Notebook,4
10,Guided,Pre,Confidence,Notebook,4
11,Guided,Pre,Confidence,Notebook,5
12,Guided,Pre,Confidence,Notebook,4
13,Guided,Pre,Confidence,Notebook,4
14,Guided,Pre,Confidence,Notebook,4
15,Guided,Pre,Confidence,Notebook,3
16,Guided,Pre,Confidence,Notebook,3
17,Guided,Pre,Confidence,Notebook,4
18,Guided,Pre,Confidence,Notebook,3
19,Guided,Pre,Confidence,Notebook,4
20,Guided,Pre,Confidence,Notebook,4
21,Guided,Pre,Confidence,Notebook,5
22,Guided,Pre,Confidence,Notebook,5
23,Guided,Pre,Confidence,Notebook,4
24,Guided,Pre,Confidence,Notebook,4
25,Guided,Pre,Confidence,Notebook,5
26,Guided,Pre,Confidence,Notebook,4
27,Guided,Pre,Confidence,Notebook,3
28,Guided,Pre,Confidence,Notebook,5
ALI-22,Autonomous,Pre,Confidence,Notebook,5
AMY-31,Autonomous,Pre,Confidence,Notebook,5
AND-71,Autonomous,Pre,Confidence,Notebook,4
ASH-36,Autonomous,Pre,Confidence,Notebook,NA
BEC-10,Autonomous,Pre,Confidence,Notebook,4
BUF-12,Autonomous,Pre,Confidence,Notebook,4
CAR-24,Autonomous,Pre,Confidence,Notebook,5
CIN-80,Autonomous,Pre,Confidence,Notebook,5
COL-11,Autonomous,Pre,Confidence,Notebook,NA
CON-11,Autonomous,Pre,Confidence,Notebook,4
CON-68,Autonomous,Pre,Confidence,Notebook,5
DON-64,Autonomous,Pre,Confidence,Notebook,3
HUI-14,Autonomous,Pre,Confidence,Notebook,5
IDA-HA,Autonomous,Pre,Confidence,Notebook,4
JUD-32,Autonomous,Pre,Confidence,Notebook,4
KYU-13,Autonomous,Pre,Confidence,Notebook,4
LAD-11,Autonomous,Pre,Confidence,Notebook,5
LAU-21,Autonomous,Pre,Confidence,Notebook,3
LAU-91,Autonomous,Pre,Confidence,Notebook,NA
LIS-80,Autonomous,Pre,Confidence,Notebook,4
16-Mar,Autonomous,Pre,Confidence,Notebook,5
31-Mar,Autonomous,Pre,Confidence,Notebook,5
PAT-22,Autonomous,Pre,Confidence,Notebook,5
ROQ-20,Autonomous,Pre,Confidence,Notebook,4
RHO-36,Autonomous,Pre,Confidence,Notebook,5
RHO-80,Autonomous,Pre,Confidence,Notebook,5
SHA-261,Autonomous,Pre,Confidence,Notebook,NA
TAM-30,Autonomous,Pre,Confidence,Notebook,4
TRE-15,Autonomous,Pre,Confidence,Notebook,NA
unid1,Autonomous,Pre,Confidence,Notebook,4
1,Guided,Pre,Confidence,Weakness,NA
2,Guided,Pre,Confidence,Weakness,NA
3,Guided,Pre,Confidence,Weakness,NA
4,Guided,Pre,Confidence,Weakness,NA
5,Guided,Pre,Confidence,Weakness,NA
6,Guided,Pre,Confidence,Weakness,NA
7,Guided,Pre,Confidence,Weakness,NA
8,Guided,Pre,Confidence,Weakness,NA
9,Guided,Pre,Confidence,Weakness,NA
10,Guided,Pre,Confidence,Weakness,NA
11,Guided,Pre,Confidence,Weakness,NA
12,Guided,Pre,Confidence,Weakness,NA
13,Guided,Pre,Confidence,Weakness,NA
14,Guided,Pre,Confidence,Weakness,NA
15,Guided,Pre,Confidence,Weakness,NA
16,Guided,Pre,Confidence,Weakness,NA
17,Guided,Pre,Confidence,Weakness,NA
18,Guided,Pre,Confidence,Weakness,NA
19,Guided,Pre,Confidence,Weakness,NA
20,Guided,Pre,Confidence,Weakness,NA
21,Guided,Pre,Confidence,Weakness,NA
22,Guided,Pre,Confidence,Weakness,NA
23,Guided,Pre,Confidence,Weakness,NA
24,Guided,Pre,Confidence,Weakness,NA
25,Guided,Pre,Confidence,Weakness,NA
26,Guided,Pre,Confidence,Weakness,NA
27,Guided,Pre,Confidence,Weakness,NA
28,Guided,Pre,Confidence,Weakness,NA
ALI-22,Autonomous,Pre,Confidence,Weakness,NA
AMY-31,Autonomous,Pre,Confidence,Weakness,NA
AND-71,Autonomous,Pre,Confidence,Weakness,NA
ASH-36,Autonomous,Pre,Confidence,Weakness,NA
BEC-10,Autonomous,Pre,Confidence,Weakness,NA
BUF-12,Autonomous,Pre,Confidence,Weakness,NA
CAR-24,Autonomous,Pre,Confidence,Weakness,NA
CIN-80,Autonomous,Pre,Confidence,Weakness,NA
COL-11,Autonomous,Pre,Confidence,Weakness,NA
CON-11,Autonomous,Pre,Confidence,Weakness,NA
CON-68,Autonomous,Pre,Confidence,Weakness,NA
DON-64,Autonomous,Pre,Confidence,Weakness,NA
HUI-14,Autonomous,Pre,Confidence,Weakness,NA
IDA-HA,Autonomous,Pre,Confidence,Weakness,NA
JUD-32,Autonomous,Pre,Confidence,Weakness,NA
KYU-13,Autonomous,Pre,Confidence,Weakness,NA
LAD-11,Autonomous,Pre,Confidence,Weakness,NA
LAU-21,Autonomous,Pre,Confidence,Weakness,NA
LAU-91,Autonomous,Pre,Confidence,Weakness,NA
LIS-80,Autonomous,Pre,Confidence,Weakness,NA
16-Mar,Autonomous,Pre,Confidence,Weakness,NA
31-Mar,Autonomous,Pre,Confidence,Weakness,NA
PAT-22,Autonomous,Pre,Confidence,Weakness,NA
ROQ-20,Autonomous,Pre,Confidence,Weakness,NA
RHO-36,Autonomous,Pre,Confidence,Weakness,NA
RHO-80,Autonomous,Pre,Confidence,Weakness,NA
SHA-261,Autonomous,Pre,Confidence,Weakness,NA
TAM-30,Autonomous,Pre,Confidence,Weakness,NA
TRE-15,Autonomous,Pre,Confidence,Weakness,NA
unid1,Autonomous,Pre,Confidence,Weakness,NA
1,Guided,Post,CURE,Group Work,5
2,Guided,Post,CURE,Group Work,
3,Guided,Post,CURE,Group Work,5
4,Guided,Post,CURE,Group Work,3
5,Guided,Post,CURE,Group Work,1
6,Guided,Post,CURE,Group Work,4
7,Guided,Post,CURE,Group Work,3
8,Guided,Post,CURE,Group Work,
9,Guided,Post,CURE,Group Work,3
10,Guided,Post,CURE,Group Work,4
11,Guided,Post,CURE,Group Work,1
12,Guided,Post,CURE,Group Work,4
13,Guided,Post,CURE,Group Work,2
14,Guided,Post,CURE,Group Work,2
15,Guided,Post,CURE,Group Work,2
16,Guided,Post,CURE,Group Work,3
17,Guided,Post,CURE,Group Work,2
18,Guided,Post,CURE,Group Work,2
19,Guided,Post,CURE,Group Work,3
20,Guided,Post,CURE,Group Work,
21,Guided,Post,CURE,Group Work,1
22,Guided,Post,CURE,Group Work,3
23,Guided,Post,CURE,Group Work,
24,Guided,Post,CURE,Group Work,4
25,Guided,Post,CURE,Group Work,2
26,Guided,Post,CURE,Group Work,5
27,Guided,Post,CURE,Group Work,4
28,Guided,Post,CURE,Group Work,1
unid2,Autonomous,Post,CURE,Group Work,2
ALI-22,Autonomous,Post,CURE,Group Work,
AMY-31,Autonomous,Post,CURE,Group Work,3
AND-71,Autonomous,Post,CURE,Group Work,3
ASH-36,Autonomous,Post,CURE,Group Work,
BEC-10,Autonomous,Post,CURE,Group Work,3
BUF-12,Autonomous,Post,CURE,Group Work,2
CAR-24,Autonomous,Post,CURE,Group Work,
CIN-80,Autonomous,Post,CURE,Group Work,1
COL-11,Autonomous,Post,CURE,Group Work,2
CON-11,Autonomous,Post,CURE,Group Work,4
CON-68,Autonomous,Post,CURE,Group Work,3
DON-64,Autonomous,Post,CURE,Group Work,2
HUI-14,Autonomous,Post,CURE,Group Work,2
IDA-HA,Autonomous,Post,CURE,Group Work,4
JUD-32,Autonomous,Post,CURE,Group Work,
KYU-13,Autonomous,Post,CURE,Group Work,3
LAD-11,Autonomous,Post,CURE,Group Work,
LAU-21,Autonomous,Post,CURE,Group Work,
LAU-91,Autonomous,Post,CURE,Group Work,
LIS-80,Autonomous,Post,CURE,Group Work,4
16-Mar,Autonomous,Post,CURE,Group Work,
31-Mar,Autonomous,Post,CURE,Group Work,2
PAT-22,Autonomous,Post,CURE,Group Work,1
ROQ-20,Autonomous,Post,CURE,Group Work,
RHO-36,Autonomous,Post,CURE,Group Work,4
RHO-80,Autonomous,Post,CURE,Group Work,1
SHA-26,Autonomous,Post,CURE,Group Work,2
TAM-30,Autonomous,Post,CURE,Group Work,
TRE-15,Autonomous,Post,CURE,Group Work,
unid3,Autonomous,Post,CURE,Group Work,
unid4,Autonomous,Post,CURE,Group Work,
TIC-21,Autonomous,Post,CURE,Group Work,4
CAR-91,Autonomous,Post,CURE,Group Work,1
LIL-20,Autonomous,Post,CURE,Group Work,5
unid,Autonomous,Post,CURE,Group Work,3
1,Guided,Post,CURE,Attend,4
2,Guided,Post,CURE,Attend,
3,Guided,Post,CURE,Attend,4
4,Guided,Post,CURE,Attend,4
5,Guided,Post,CURE,Attend,5
6,Guided,Post,CURE,Attend,4
7,Guided,Post,CURE,Attend,4
8,Guided,Post,CURE,Attend,
9,Guided,Post,CURE,Attend,3
10,Guided,Post,CURE,Attend,4
11,Guided,Post,CURE,Attend,3
12,Guided,Post,CURE,Attend,4
13,Guided,Post,CURE,Attend,3
14,Guided,Post,CURE,Attend,4
15,Guided,Post,CURE,Attend,3
16,Guided,Post,CURE,Attend,3
17,Guided,Post,CURE,Attend,3
18,Guided,Post,CURE,Attend,5
19,Guided,Post,CURE,Attend,2
20,Guided,Post,CURE,Attend,
21,Guided,Post,CURE,Attend,4
22,Guided,Post,CURE,Attend,4
23,Guided,Post,CURE,Attend,
24,Guided,Post,CURE,Attend,3
25,Guided,Post,CURE,Attend,3
26,Guided,Post,CURE,Attend,4
27,Guided,Post,CURE,Attend,3
28,Guided,Post,CURE,Attend,2
unid2,Autonomous,Post,CURE,Attend,3
ALI-22,Autonomous,Post,CURE,Attend,
AMY-31,Autonomous,Post,CURE,Attend,3
AND-71,Autonomous,Post,CURE,Attend,4
ASH-36,Autonomous,Post,CURE,Attend,
BEC-10,Autonomous,Post,CURE,Attend,4
BUF-12,Autonomous,Post,CURE,Attend,2
CAR-24,Autonomous,Post,CURE,Attend,
CIN-80,Autonomous,Post,CURE,Attend,3
COL-11,Autonomous,Post,CURE,Attend,2
CON-11,Autonomous,Post,CURE,Attend,3
CON-68,Autonomous,Post,CURE,Attend,3
DON-64,Autonomous,Post,CURE,Attend,4
HUI-14,Autonomous,Post,CURE,Attend,3
IDA-HA,Autonomous,Post,CURE,Attend,2
JUD-32,Autonomous,Post,CURE,Attend,
KYU-13,Autonomous,Post,CURE,Attend,4
LAD-11,Autonomous,Post,CURE,Attend,
LAU-21,Autonomous,Post,CURE,Attend,
LAU-91,Autonomous,Post,CURE,Attend,
LIS-80,Autonomous,Post,CURE,Attend,2
16-Mar,Autonomous,Post,CURE,Attend,
31-Mar,Autonomous,Post,CURE,Attend,2
PAT-22,Autonomous,Post,CURE,Attend,3
ROQ-20,Autonomous,Post,CURE,Attend,
RHO-36,Autonomous,Post,CURE,Attend,4
RHO-80,Autonomous,Post,CURE,Attend,4
SHA-26,Autonomous,Post,CURE,Attend,2
TAM-30,Autonomous,Post,CURE,Attend,
TRE-15,Autonomous,Post,CURE,Attend,
unid3,Autonomous,Post,CURE,Attend,
unid4,Autonomous,Post,CURE,Attend,
TIC-21,Autonomous,Post,CURE,Attend,3
CAR-91,Autonomous,Post,CURE,Attend,3
LIL-20,Autonomous,Post,CURE,Attend,5
unid,Autonomous,Post,CURE,Attend,1
1,Guided,Post,CURE,Benefit,5
2,Guided,Post,CURE,Benefit,
3,Guided,Post,CURE,Benefit,5
4,Guided,Post,CURE,Benefit,5
5,Guided,Post,CURE,Benefit,5
6,Guided,Post,CURE,Benefit,5
7,Guided,Post,CURE,Benefit,5
8,Guided,Post,CURE,Benefit,
9,Guided,Post,CURE,Benefit,4
10,Guided,Post,CURE,Benefit,2
11,Guided,Post,CURE,Benefit,4
12,Guided,Post,CURE,Benefit,5
13,Guided,Post,CURE,Benefit,4
14,Guided,Post,CURE,Benefit,4
15,Guided,Post,CURE,Benefit,4
16,Guided,Post,CURE,Benefit,4
17,Guided,Post,CURE,Benefit,4
18,Guided,Post,CURE,Benefit,5
19,Guided,Post,CURE,Benefit,3
20,Guided,Post,CURE,Benefit,
21,Guided,Post,CURE,Benefit,5
22,Guided,Post,CURE,Benefit,5
23,Guided,Post,CURE,Benefit,
24,Guided,Post,CURE,Benefit,1
25,Guided,Post,CURE,Benefit,4
26,Guided,Post,CURE,Benefit,5
27,Guided,Post,CURE,Benefit,4
28,Guided,Post,CURE,Benefit,3
unid2,Autonomous,Post,CURE,Benefit,3
ALI-22,Autonomous,Post,CURE,Benefit,
AMY-31,Autonomous,Post,CURE,Benefit,4
AND-71,Autonomous,Post,CURE,Benefit,4
ASH-36,Autonomous,Post,CURE,Benefit,
BEC-10,Autonomous,Post,CURE,Benefit,5
BUF-12,Autonomous,Post,CURE,Benefit,5
CAR-24,Autonomous,Post,CURE,Benefit,
CIN-80,Autonomous,Post,CURE,Benefit,3
COL-11,Autonomous,Post,CURE,Benefit,2
CON-11,Autonomous,Post,CURE,Benefit,4
CON-68,Autonomous,Post,CURE,Benefit,5
DON-64,Autonomous,Post,CURE,Benefit,4
HUI-14,Autonomous,Post,CURE,Benefit,4
IDA-HA,Autonomous,Post,CURE,Benefit,4
JUD-32,Autonomous,Post,CURE,Benefit,
KYU-13,Autonomous,Post,CURE,Benefit,4
LAD-11,Autonomous,Post,CURE,Benefit,
LAU-21,Autonomous,Post,CURE,Benefit,
LAU-91,Autonomous,Post,CURE,Benefit,
LIS-80,Autonomous,Post,CURE,Benefit,4
16-Mar,Autonomous,Post,CURE,Benefit,
31-Mar,Autonomous,Post,CURE,Benefit,2
PAT-22,Autonomous,Post,CURE,Benefit,3
ROQ-20,Autonomous,Post,CURE,Benefit,
RHO-36,Autonomous,Post,CURE,Benefit,3
RHO-80,Autonomous,Post,CURE,Benefit,5
SHA-26,Autonomous,Post,CURE,Benefit,2
TAM-30,Autonomous,Post,CURE,Benefit,
TRE-15,Autonomous,Post,CURE,Benefit,
unid3,Autonomous,Post,CURE,Benefit,
unid4,Autonomous,Post,CURE,Benefit,
TIC-21,Autonomous,Post,CURE,Benefit,4
CAR-91,Autonomous,Post,CURE,Benefit,1
LIL-20,Autonomous,Post,CURE,Benefit,5
unid,Autonomous,Post,CURE,Benefit,2
1,Guided,Post,CURE,Weakness,5
2,Guided,Post,CURE,Weakness,
3,Guided,Post,CURE,Weakness,5
4,Guided,Post,CURE,Weakness,5
5,Guided,Post,CURE,Weakness,5
6,Guided,Post,CURE,Weakness,5
7,Guided,Post,CURE,Weakness,5
8,Guided,Post,CURE,Weakness,
9,Guided,Post,CURE,Weakness,5
10,Guided,Post,CURE,Weakness,4
11,Guided,Post,CURE,Weakness,2
12,Guided,Post,CURE,Weakness,4
13,Guided,Post,CURE,Weakness,5
14,Guided,Post,CURE,Weakness,4
15,Guided,Post,CURE,Weakness,5
16,Guided,Post,CURE,Weakness,5
17,Guided,Post,CURE,Weakness,4
18,Guided,Post,CURE,Weakness,5
19,Guided,Post,CURE,Weakness,4
20,Guided,Post,CURE,Weakness,
21,Guided,Post,CURE,Weakness,5
22,Guided,Post,CURE,Weakness,4
23,Guided,Post,CURE,Weakness,
24,Guided,Post,CURE,Weakness,1
25,Guided,Post,CURE,Weakness,4
26,Guided,Post,CURE,Weakness,3
27,Guided,Post,CURE,Weakness,3
28,Guided,Post,CURE,Weakness,1
unid2,Autonomous,Post,CURE,Weakness,3
ALI-22,Autonomous,Post,CURE,Weakness,
AMY-31,Autonomous,Post,CURE,Weakness,4
AND-71,Autonomous,Post,CURE,Weakness,4
ASH-36,Autonomous,Post,CURE,Weakness,
BEC-10,Autonomous,Post,CURE,Weakness,3
BUF-12,Autonomous,Post,CURE,Weakness,4
CAR-24,Autonomous,Post,CURE,Weakness,
CIN-80,Autonomous,Post,CURE,Weakness,3
COL-11,Autonomous,Post,CURE,Weakness,2
CON-11,Autonomous,Post,CURE,Weakness,3
CON-68,Autonomous,Post,CURE,Weakness,5
DON-64,Autonomous,Post,CURE,Weakness,3
HUI-14,Autonomous,Post,CURE,Weakness,2
IDA-HA,Autonomous,Post,CURE,Weakness,2
JUD-32,Autonomous,Post,CURE,Weakness,
KYU-13,Autonomous,Post,CURE,Weakness,5
LAD-11,Autonomous,Post,CURE,Weakness,
LAU-21,Autonomous,Post,CURE,Weakness,
LAU-91,Autonomous,Post,CURE,Weakness,
LIS-80,Autonomous,Post,CURE,Weakness,2
16-Mar,Autonomous,Post,CURE,Weakness,
31-Mar,Autonomous,Post,CURE,Weakness,2
PAT-22,Autonomous,Post,CURE,Weakness,5
ROQ-20,Autonomous,Post,CURE,Weakness,
RHO-36,Autonomous,Post,CURE,Weakness,3
RHO-80,Autonomous,Post,CURE,Weakness,4
SHA-26,Autonomous,Post,CURE,Weakness,2
TAM-30,Autonomous,Post,CURE,Weakness,
TRE-15,Autonomous,Post,CURE,Weakness,
unid3,Autonomous,Post,CURE,Weakness,
unid4,Autonomous,Post,CURE,Weakness,
TIC-21,Autonomous,Post,CURE,Weakness,4
CAR-91,Autonomous,Post,CURE,Weakness,3
LIL-20,Autonomous,Post,CURE,Weakness,5
unid,Autonomous,Post,CURE,Weakness,1
1,Guided,Post,CURE,Time,5
2,Guided,Post,CURE,Time,
3,Guided,Post,CURE,Time,5
4,Guided,Post,CURE,Time,5
5,Guided,Post,CURE,Time,5
6,Guided,Post,CURE,Time,5
7,Guided,Post,CURE,Time,5
8,Guided,Post,CURE,Time,
9,Guided,Post,CURE,Time,5
10,Guided,Post,CURE,Time,4
11,Guided,Post,CURE,Time,4
12,Guided,Post,CURE,Time,5
13,Guided,Post,CURE,Time,4
14,Guided,Post,CURE,Time,4
15,Guided,Post,CURE,Time,5
16,Guided,Post,CURE,Time,4
17,Guided,Post,CURE,Time,
18,Guided,Post,CURE,Time,5
19,Guided,Post,CURE,Time,1
20,Guided,Post,CURE,Time,
21,Guided,Post,CURE,Time,5
22,Guided,Post,CURE,Time,4
23,Guided,Post,CURE,Time,
24,Guided,Post,CURE,Time,2
25,Guided,Post,CURE,Time,5
26,Guided,Post,CURE,Time,5
27,Guided,Post,CURE,Time,5
28,Guided,Post,CURE,Time,1
unid2,Autonomous,Post,CURE,Time,3
ALI-22,Autonomous,Post,CURE,Time,
AMY-31,Autonomous,Post,CURE,Time,4
AND-71,Autonomous,Post,CURE,Time,3
ASH-36,Autonomous,Post,CURE,Time,
BEC-10,Autonomous,Post,CURE,Time,4
BUF-12,Autonomous,Post,CURE,Time,4
CAR-24,Autonomous,Post,CURE,Time,
CIN-80,Autonomous,Post,CURE,Time,4
COL-11,Autonomous,Post,CURE,Time,3
CON-11,Autonomous,Post,CURE,Time,4
CON-68,Autonomous,Post,CURE,Time,5
DON-64,Autonomous,Post,CURE,Time,5
HUI-14,Autonomous,Post,CURE,Time,3
IDA-HA,Autonomous,Post,CURE,Time,3
JUD-32,Autonomous,Post,CURE,Time,
KYU-13,Autonomous,Post,CURE,Time,4
LAD-11,Autonomous,Post,CURE,Time,
LAU-21,Autonomous,Post,CURE,Time,
LAU-91,Autonomous,Post,CURE,Time,
LIS-80,Autonomous,Post,CURE,Time,4
16-Mar,Autonomous,Post,CURE,Time,
31-Mar,Autonomous,Post,CURE,Time,2
PAT-22,Autonomous,Post,CURE,Time,4
ROQ-20,Autonomous,Post,CURE,Time,
RHO-36,Autonomous,Post,CURE,Time,4
RHO-80,Autonomous,Post,CURE,Time,5
SHA-26,Autonomous,Post,CURE,Time,3
TAM-30,Autonomous,Post,CURE,Time,
TRE-15,Autonomous,Post,CURE,Time,
unid3,Autonomous,Post,CURE,Time,
unid4,Autonomous,Post,CURE,Time,
TIC-21,Autonomous,Post,CURE,Time,5
CAR-91,Autonomous,Post,CURE,Time,2
LIL-20,Autonomous,Post,CURE,Time,5
unid,Autonomous,Post,CURE,Time,1
1,Guided,Post,CURE,In.engage,5
2,Guided,Post,CURE,In.engage,
3,Guided,Post,CURE,In.engage,5
4,Guided,Post,CURE,In.engage,5
5,Guided,Post,CURE,In.engage,5
6,Guided,Post,CURE,In.engage,5
7,Guided,Post,CURE,In.engage,4
8,Guided,Post,CURE,In.engage,
9,Guided,Post,CURE,In.engage,3
10,Guided,Post,CURE,In.engage,4
11,Guided,Post,CURE,In.engage,5
12,Guided,Post,CURE,In.engage,5
13,Guided,Post,CURE,In.engage,5
14,Guided,Post,CURE,In.engage,4
15,Guided,Post,CURE,In.engage,5
16,Guided,Post,CURE,In.engage,5
17,Guided,Post,CURE,In.engage,4
18,Guided,Post,CURE,In.engage,5
19,Guided,Post,CURE,In.engage,4
20,Guided,Post,CURE,In.engage,
21,Guided,Post,CURE,In.engage,5
22,Guided,Post,CURE,In.engage,5
23,Guided,Post,CURE,In.engage,
24,Guided,Post,CURE,In.engage,3
25,Guided,Post,CURE,In.engage,5
26,Guided,Post,CURE,In.engage,4
27,Guided,Post,CURE,In.engage,5
28,Guided,Post,CURE,In.engage,3
unid2,Autonomous,Post,CURE,In.engage,4
ALI-22,Autonomous,Post,CURE,In.engage,
AMY-31,Autonomous,Post,CURE,In.engage,4
AND-71,Autonomous,Post,CURE,In.engage,4
ASH-36,Autonomous,Post,CURE,In.engage,
BEC-10,Autonomous,Post,CURE,In.engage,4
BUF-12,Autonomous,Post,CURE,In.engage,3
CAR-24,Autonomous,Post,CURE,In.engage,
CIN-80,Autonomous,Post,CURE,In.engage,3
COL-11,Autonomous,Post,CURE,In.engage,3
CON-11,Autonomous,Post,CURE,In.engage,4
CON-68,Autonomous,Post,CURE,In.engage,3
DON-64,Autonomous,Post,CURE,In.engage,5
HUI-14,Autonomous,Post,CURE,In.engage,4
IDA-HA,Autonomous,Post,CURE,In.engage,4
JUD-32,Autonomous,Post,CURE,In.engage,
KYU-13,Autonomous,Post,CURE,In.engage,3
LAD-11,Autonomous,Post,CURE,In.engage,
LAU-21,Autonomous,Post,CURE,In.engage,
LAU-91,Autonomous,Post,CURE,In.engage,
LIS-80,Autonomous,Post,CURE,In.engage,4
16-Mar,Autonomous,Post,CURE,In.engage,
31-Mar,Autonomous,Post,CURE,In.engage,3
PAT-22,Autonomous,Post,CURE,In.engage,3
ROQ-20,Autonomous,Post,CURE,In.engage,
RHO-36,Autonomous,Post,CURE,In.engage,3
RHO-80,Autonomous,Post,CURE,In.engage,5
SHA-26,Autonomous,Post,CURE,In.engage,4
TAM-30,Autonomous,Post,CURE,In.engage,
TRE-15,Autonomous,Post,CURE,In.engage,
unid3,Autonomous,Post,CURE,In.engage,
unid4,Autonomous,Post,CURE,In.engage,
TIC-21,Autonomous,Post,CURE,In.engage,5
CAR-91,Autonomous,Post,CURE,In.engage,4
LIL-20,Autonomous,Post,CURE,In.engage,5
unid,Autonomous,Post,CURE,In.engage,1
1,Guided,Post,CURE,Recommend,5
2,Guided,Post,CURE,Recommend,
3,Guided,Post,CURE,Recommend,5
4,Guided,Post,CURE,Recommend,5
5,Guided,Post,CURE,Recommend,5
6,Guided,Post,CURE,Recommend,5
7,Guided,Post,CURE,Recommend,5
8,Guided,Post,CURE,Recommend,
9,Guided,Post,CURE,Recommend,3
10,Guided,Post,CURE,Recommend,4
11,Guided,Post,CURE,Recommend,4
12,Guided,Post,CURE,Recommend,5
13,Guided,Post,CURE,Recommend,5
14,Guided,Post,CURE,Recommend,4
15,Guided,Post,CURE,Recommend,4
16,Guided,Post,CURE,Recommend,4
17,Guided,Post,CURE,Recommend,4
18,Guided,Post,CURE,Recommend,5
19,Guided,Post,CURE,Recommend,2
20,Guided,Post,CURE,Recommend,
21,Guided,Post,CURE,Recommend,5
22,Guided,Post,CURE,Recommend,4
23,Guided,Post,CURE,Recommend,
24,Guided,Post,CURE,Recommend,1
25,Guided,Post,CURE,Recommend,5
26,Guided,Post,CURE,Recommend,5
27,Guided,Post,CURE,Recommend,5
28,Guided,Post,CURE,Recommend,3
unid2,Autonomous,Post,CURE,Recommend,3
ALI-22,Autonomous,Post,CURE,Recommend,
AMY-31,Autonomous,Post,CURE,Recommend,4
AND-71,Autonomous,Post,CURE,Recommend,3
ASH-36,Autonomous,Post,CURE,Recommend,
BEC-10,Autonomous,Post,CURE,Recommend,4
BUF-12,Autonomous,Post,CURE,Recommend,5
CAR-24,Autonomous,Post,CURE,Recommend,
CIN-80,Autonomous,Post,CURE,Recommend,4
COL-11,Autonomous,Post,CURE,Recommend,3
CON-11,Autonomous,Post,CURE,Recommend,4
CON-68,Autonomous,Post,CURE,Recommend,3
DON-64,Autonomous,Post,CURE,Recommend,4
HUI-14,Autonomous,Post,CURE,Recommend,3
IDA-HA,Autonomous,Post,CURE,Recommend,3
JUD-32,Autonomous,Post,CURE,Recommend,
KYU-13,Autonomous,Post,CURE,Recommend,4
LAD-11,Autonomous,Post,CURE,Recommend,
LAU-21,Autonomous,Post,CURE,Recommend,
LAU-91,Autonomous,Post,CURE,Recommend,
LIS-80,Autonomous,Post,CURE,Recommend,3
16-Mar,Autonomous,Post,CURE,Recommend,
31-Mar,Autonomous,Post,CURE,Recommend,2
PAT-22,Autonomous,Post,CURE,Recommend,3
ROQ-20,Autonomous,Post,CURE,Recommend,
RHO-36,Autonomous,Post,CURE,Recommend,4
RHO-80,Autonomous,Post,CURE,Recommend,5
SHA-26,Autonomous,Post,CURE,Recommend,2
TAM-30,Autonomous,Post,CURE,Recommend,
TRE-15,Autonomous,Post,CURE,Recommend,
unid3,Autonomous,Post,CURE,Recommend,
unid4,Autonomous,Post,CURE,Recommend,
TIC-21,Autonomous,Post,CURE,Recommend,4
CAR-91,Autonomous,Post,CURE,Recommend,1
LIL-20,Autonomous,Post,CURE,Recommend,5
unid,Autonomous,Post,CURE,Recommend,2
1,Guided,Post,CURE,Interest,4
2,Guided,Post,CURE,Interest,
3,Guided,Post,CURE,Interest,5
4,Guided,Post,CURE,Interest,5
5,Guided,Post,CURE,Interest,5
6,Guided,Post,CURE,Interest,4
7,Guided,Post,CURE,Interest,5
8,Guided,Post,CURE,Interest,
9,Guided,Post,CURE,Interest,4
10,Guided,Post,CURE,Interest,3
11,Guided,Post,CURE,Interest,2
12,Guided,Post,CURE,Interest,5
13,Guided,Post,CURE,Interest,5
14,Guided,Post,CURE,Interest,3
15,Guided,Post,CURE,Interest,1
16,Guided,Post,CURE,Interest,5
17,Guided,Post,CURE,Interest,3
18,Guided,Post,CURE,Interest,4
19,Guided,Post,CURE,Interest,1
20,Guided,Post,CURE,Interest,
21,Guided,Post,CURE,Interest,4
22,Guided,Post,CURE,Interest,5
23,Guided,Post,CURE,Interest,
24,Guided,Post,CURE,Interest,3
25,Guided,Post,CURE,Interest,4
26,Guided,Post,CURE,Interest,4
27,Guided,Post,CURE,Interest,3
28,Guided,Post,CURE,Interest,2
unid2,Autonomous,Post,CURE,Interest,4
ALI-22,Autonomous,Post,CURE,Interest,
AMY-31,Autonomous,Post,CURE,Interest,4
AND-71,Autonomous,Post,CURE,Interest,4
ASH-36,Autonomous,Post,CURE,Interest,
BEC-10,Autonomous,Post,CURE,Interest,3
BUF-12,Autonomous,Post,CURE,Interest,1
CAR-24,Autonomous,Post,CURE,Interest,
CIN-80,Autonomous,Post,CURE,Interest,3
COL-11,Autonomous,Post,CURE,Interest,2
CON-11,Autonomous,Post,CURE,Interest,2
CON-68,Autonomous,Post,CURE,Interest,5
DON-64,Autonomous,Post,CURE,Interest,5
HUI-14,Autonomous,Post,CURE,Interest,4
IDA-HA,Autonomous,Post,CURE,Interest,2
JUD-32,Autonomous,Post,CURE,Interest,
KYU-13,Autonomous,Post,CURE,Interest,5
LAD-11,Autonomous,Post,CURE,Interest,
LAU-21,Autonomous,Post,CURE,Interest,
LAU-91,Autonomous,Post,CURE,Interest,
LIS-80,Autonomous,Post,CURE,Interest,4
16-Mar,Autonomous,Post,CURE,Interest,
31-Mar,Autonomous,Post,CURE,Interest,2
PAT-22,Autonomous,Post,CURE,Interest,2
ROQ-20,Autonomous,Post,CURE,Interest,
RHO-36,Autonomous,Post,CURE,Interest,3
RHO-80,Autonomous,Post,CURE,Interest,2
SHA-26,Autonomous,Post,CURE,Interest,2
TAM-30,Autonomous,Post,CURE,Interest,
TRE-15,Autonomous,Post,CURE,Interest,
unid3,Autonomous,Post,CURE,Interest,
unid4,Autonomous,Post,CURE,Interest,
TIC-21,Autonomous,Post,CURE,Interest,5
CAR-91,Autonomous,Post,CURE,Interest,3
LIL-20,Autonomous,Post,CURE,Interest,4
unid,Autonomous,Post,CURE,Interest,1
1,Guided,Post,CURE,Prepare,5
2,Guided,Post,CURE,Prepare,
3,Guided,Post,CURE,Prepare,4
4,Guided,Post,CURE,Prepare,5
5,Guided,Post,CURE,Prepare,5
6,Guided,Post,CURE,Prepare,3
7,Guided,Post,CURE,Prepare,3
8,Guided,Post,CURE,Prepare,
9,Guided,Post,CURE,Prepare,5
10,Guided,Post,CURE,Prepare,3
11,Guided,Post,CURE,Prepare,1
12,Guided,Post,CURE,Prepare,5
13,Guided,Post,CURE,Prepare,3
14,Guided,Post,CURE,Prepare,3
15,Guided,Post,CURE,Prepare,4
16,Guided,Post,CURE,Prepare,4
17,Guided,Post,CURE,Prepare,4
18,Guided,Post,CURE,Prepare,5
19,Guided,Post,CURE,Prepare,4
20,Guided,Post,CURE,Prepare,
21,Guided,Post,CURE,Prepare,5
22,Guided,Post,CURE,Prepare,5
23,Guided,Post,CURE,Prepare,
24,Guided,Post,CURE,Prepare,3
25,Guided,Post,CURE,Prepare,4
26,Guided,Post,CURE,Prepare,4
27,Guided,Post,CURE,Prepare,4
28,Guided,Post,CURE,Prepare,4
unid2,Autonomous,Post,CURE,Prepare,4
ALI-22,Autonomous,Post,CURE,Prepare,
AMY-31,Autonomous,Post,CURE,Prepare,5
AND-71,Autonomous,Post,CURE,Prepare,4
ASH-36,Autonomous,Post,CURE,Prepare,
BEC-10,Autonomous,Post,CURE,Prepare,5
BUF-12,Autonomous,Post,CURE,Prepare,3
CAR-24,Autonomous,Post,CURE,Prepare,
CIN-80,Autonomous,Post,CURE,Prepare,3
COL-11,Autonomous,Post,CURE,Prepare,2
CON-11,Autonomous,Post,CURE,Prepare,2
CON-68,Autonomous,Post,CURE,Prepare,5
DON-64,Autonomous,Post,CURE,Prepare,5
HUI-14,Autonomous,Post,CURE,Prepare,4
IDA-HA,Autonomous,Post,CURE,Prepare,3
JUD-32,Autonomous,Post,CURE,Prepare,
KYU-13,Autonomous,Post,CURE,Prepare,5
LAD-11,Autonomous,Post,CURE,Prepare,
LAU-21,Autonomous,Post,CURE,Prepare,
LAU-91,Autonomous,Post,CURE,Prepare,
LIS-80,Autonomous,Post,CURE,Prepare,5
16-Mar,Autonomous,Post,CURE,Prepare,
31-Mar,Autonomous,Post,CURE,Prepare,3
PAT-22,Autonomous,Post,CURE,Prepare,4
ROQ-20,Autonomous,Post,CURE,Prepare,
RHO-36,Autonomous,Post,CURE,Prepare,4
RHO-80,Autonomous,Post,CURE,Prepare,5
SHA-26,Autonomous,Post,CURE,Prepare,3
TAM-30,Autonomous,Post,CURE,Prepare,
TRE-15,Autonomous,Post,CURE,Prepare,
unid3,Autonomous,Post,CURE,Prepare,
unid4,Autonomous,Post,CURE,Prepare,
TIC-21,Autonomous,Post,CURE,Prepare,5
CAR-91,Autonomous,Post,CURE,Prepare,3
LIL-20,Autonomous,Post,CURE,Prepare,5
unid,Autonomous,Post,CURE,Prepare,1
1,Guided,Post,CURE,St.engage,4
2,Guided,Post,CURE,St.engage,
3,Guided,Post,CURE,St.engage,5
4,Guided,Post,CURE,St.engage,5
5,Guided,Post,CURE,St.engage,5
6,Guided,Post,CURE,St.engage,4
7,Guided,Post,CURE,St.engage,3
8,Guided,Post,CURE,St.engage,
9,Guided,Post,CURE,St.engage,4
10,Guided,Post,CURE,St.engage,2
11,Guided,Post,CURE,St.engage,5
12,Guided,Post,CURE,St.engage,5
13,Guided,Post,CURE,St.engage,5
14,Guided,Post,CURE,St.engage,4
15,Guided,Post,CURE,St.engage,4
16,Guided,Post,CURE,St.engage,5
17,Guided,Post,CURE,St.engage,5
18,Guided,Post,CURE,St.engage,5
19,Guided,Post,CURE,St.engage,3
20,Guided,Post,CURE,St.engage,
21,Guided,Post,CURE,St.engage,5
22,Guided,Post,CURE,St.engage,5
23,Guided,Post,CURE,St.engage,
24,Guided,Post,CURE,St.engage,4
25,Guided,Post,CURE,St.engage,5
26,Guided,Post,CURE,St.engage,3
27,Guided,Post,CURE,St.engage,5
28,Guided,Post,CURE,St.engage,2
unid2,Autonomous,Post,CURE,St.engage,3
ALI-22,Autonomous,Post,CURE,St.engage,
AMY-31,Autonomous,Post,CURE,St.engage,5
AND-71,Autonomous,Post,CURE,St.engage,3
ASH-36,Autonomous,Post,CURE,St.engage,
BEC-10,Autonomous,Post,CURE,St.engage,3
BUF-12,Autonomous,Post,CURE,St.engage,4
CAR-24,Autonomous,Post,CURE,St.engage,
CIN-80,Autonomous,Post,CURE,St.engage,3
COL-11,Autonomous,Post,CURE,St.engage,2
CON-11,Autonomous,Post,CURE,St.engage,4
CON-68,Autonomous,Post,CURE,St.engage,5
DON-64,Autonomous,Post,CURE,St.engage,4
HUI-14,Autonomous,Post,CURE,St.engage,4
IDA-HA,Autonomous,Post,CURE,St.engage,5
JUD-32,Autonomous,Post,CURE,St.engage,
KYU-13,Autonomous,Post,CURE,St.engage,4
LAD-11,Autonomous,Post,CURE,St.engage,
LAU-21,Autonomous,Post,CURE,St.engage,
LAU-91,Autonomous,Post,CURE,St.engage,
LIS-80,Autonomous,Post,CURE,St.engage,5
16-Mar,Autonomous,Post,CURE,St.engage,
31-Mar,Autonomous,Post,CURE,St.engage,2
PAT-22,Autonomous,Post,CURE,St.engage,5
ROQ-20,Autonomous,Post,CURE,St.engage,
RHO-36,Autonomous,Post,CURE,St.engage,3
RHO-80,Autonomous,Post,CURE,St.engage,4
SHA-26,Autonomous,Post,CURE,St.engage,4
TAM-30,Autonomous,Post,CURE,St.engage,
TRE-15,Autonomous,Post,CURE,St.engage,
unid3,Autonomous,Post,CURE,St.engage,
unid4,Autonomous,Post,CURE,St.engage,
TIC-21,Autonomous,Post,CURE,St.engage,4
CAR-91,Autonomous,Post,CURE,St.engage,3
LIL-20,Autonomous,Post,CURE,St.engage,5
unid,Autonomous,Post,CURE,St.engage,2
1,Guided,Post,CURE,Discovery,5
2,Guided,Post,CURE,Discovery,
3,Guided,Post,CURE,Discovery,4
4,Guided,Post,CURE,Discovery,5
5,Guided,Post,CURE,Discovery,2
6,Guided,Post,CURE,Discovery,4
7,Guided,Post,CURE,Discovery,4
8,Guided,Post,CURE,Discovery,
9,Guided,Post,CURE,Discovery,5
10,Guided,Post,CURE,Discovery,2
11,Guided,Post,CURE,Discovery,4
12,Guided,Post,CURE,Discovery,4
13,Guided,Post,CURE,Discovery,4
14,Guided,Post,CURE,Discovery,4
15,Guided,Post,CURE,Discovery,3
16,Guided,Post,CURE,Discovery,4
17,Guided,Post,CURE,Discovery,4
18,Guided,Post,CURE,Discovery,5
19,Guided,Post,CURE,Discovery,3
20,Guided,Post,CURE,Discovery,
21,Guided,Post,CURE,Discovery,5
22,Guided,Post,CURE,Discovery,4
23,Guided,Post,CURE,Discovery,
24,Guided,Post,CURE,Discovery,1
25,Guided,Post,CURE,Discovery,4
26,Guided,Post,CURE,Discovery,5
27,Guided,Post,CURE,Discovery,5
28,Guided,Post,CURE,Discovery,3
unid2,Autonomous,Post,CURE,Discovery,3
ALI-22,Autonomous,Post,CURE,Discovery,
AMY-31,Autonomous,Post,CURE,Discovery,4
AND-71,Autonomous,Post,CURE,Discovery,4
ASH-36,Autonomous,Post,CURE,Discovery,
BEC-10,Autonomous,Post,CURE,Discovery,4
BUF-12,Autonomous,Post,CURE,Discovery,2
CAR-24,Autonomous,Post,CURE,Discovery,
CIN-80,Autonomous,Post,CURE,Discovery,1
COL-11,Autonomous,Post,CURE,Discovery,3
CON-11,Autonomous,Post,CURE,Discovery,3
CON-68,Autonomous,Post,CURE,Discovery,3
DON-64,Autonomous,Post,CURE,Discovery,3
HUI-14,Autonomous,Post,CURE,Discovery,3
IDA-HA,Autonomous,Post,CURE,Discovery,4
JUD-32,Autonomous,Post,CURE,Discovery,
KYU-13,Autonomous,Post,CURE,Discovery,3
LAD-11,Autonomous,Post,CURE,Discovery,
LAU-21,Autonomous,Post,CURE,Discovery,
LAU-91,Autonomous,Post,CURE,Discovery,
LIS-80,Autonomous,Post,CURE,Discovery,5
16-Mar,Autonomous,Post,CURE,Discovery,
31-Mar,Autonomous,Post,CURE,Discovery,2
PAT-22,Autonomous,Post,CURE,Discovery,3
ROQ-20,Autonomous,Post,CURE,Discovery,
RHO-36,Autonomous,Post,CURE,Discovery,3
RHO-80,Autonomous,Post,CURE,Discovery,5
SHA-26,Autonomous,Post,CURE,Discovery,1
TAM-30,Autonomous,Post,CURE,Discovery,
TRE-15,Autonomous,Post,CURE,Discovery,
unid3,Autonomous,Post,CURE,Discovery,
unid4,Autonomous,Post,CURE,Discovery,
TIC-21,Autonomous,Post,CURE,Discovery,3
CAR-91,Autonomous,Post,CURE,Discovery,1
LIL-20,Autonomous,Post,CURE,Discovery,4
unid,Autonomous,Post,CURE,Discovery,1
1,Guided,Post,CURE,Retention,5
2,Guided,Post,CURE,Retention,
3,Guided,Post,CURE,Retention,4
4,Guided,Post,CURE,Retention,5
5,Guided,Post,CURE,Retention,4
6,Guided,Post,CURE,Retention,5
7,Guided,Post,CURE,Retention,3
8,Guided,Post,CURE,Retention,
9,Guided,Post,CURE,Retention,4
10,Guided,Post,CURE,Retention,2
11,Guided,Post,CURE,Retention,4
12,Guided,Post,CURE,Retention,4
13,Guided,Post,CURE,Retention,3
14,Guided,Post,CURE,Retention,4
15,Guided,Post,CURE,Retention,4
16,Guided,Post,CURE,Retention,5
17,Guided,Post,CURE,Retention,4
18,Guided,Post,CURE,Retention,5
19,Guided,Post,CURE,Retention,2
20,Guided,Post,CURE,Retention,
21,Guided,Post,CURE,Retention,5
22,Guided,Post,CURE,Retention,4
23,Guided,Post,CURE,Retention,
24,Guided,Post,CURE,Retention,1
25,Guided,Post,CURE,Retention,3
26,Guided,Post,CURE,Retention,5
27,Guided,Post,CURE,Retention,3
28,Guided,Post,CURE,Retention,3
unid2,Autonomous,Post,CURE,Retention,3
ALI-22,Autonomous,Post,CURE,Retention,
AMY-31,Autonomous,Post,CURE,Retention,4
AND-71,Autonomous,Post,CURE,Retention,4
ASH-36,Autonomous,Post,CURE,Retention,
BEC-10,Autonomous,Post,CURE,Retention,4
BUF-12,Autonomous,Post,CURE,Retention,4
CAR-24,Autonomous,Post,CURE,Retention,
CIN-80,Autonomous,Post,CURE,Retention,3
COL-11,Autonomous,Post,CURE,Retention,2
CON-11,Autonomous,Post,CURE,Retention,3
CON-68,Autonomous,Post,CURE,Retention,5
DON-64,Autonomous,Post,CURE,Retention,4
HUI-14,Autonomous,Post,CURE,Retention,4
IDA-HA,Autonomous,Post,CURE,Retention,4
JUD-32,Autonomous,Post,CURE,Retention,
KYU-13,Autonomous,Post,CURE,Retention,4
LAD-11,Autonomous,Post,CURE,Retention,
LAU-21,Autonomous,Post,CURE,Retention,
LAU-91,Autonomous,Post,CURE,Retention,
LIS-80,Autonomous,Post,CURE,Retention,4
16-Mar,Autonomous,Post,CURE,Retention,
31-Mar,Autonomous,Post,CURE,Retention,3
PAT-22,Autonomous,Post,CURE,Retention,3
ROQ-20,Autonomous,Post,CURE,Retention,
RHO-36,Autonomous,Post,CURE,Retention,4
RHO-80,Autonomous,Post,CURE,Retention,5
SHA-26,Autonomous,Post,CURE,Retention,4
TAM-30,Autonomous,Post,CURE,Retention,
TRE-15,Autonomous,Post,CURE,Retention,
unid3,Autonomous,Post,CURE,Retention,
unid4,Autonomous,Post,CURE,Retention,
TIC-21,Autonomous,Post,CURE,Retention,4
CAR-91,Autonomous,Post,CURE,Retention,2
LIL-20,Autonomous,Post,CURE,Retention,5
unid,Autonomous,Post,CURE,Retention,1
1,Guided,Post,CURE,Investment,5
2,Guided,Post,CURE,Investment,
3,Guided,Post,CURE,Investment,2
4,Guided,Post,CURE,Investment,2
5,Guided,Post,CURE,Investment,3
6,Guided,Post,CURE,Investment,5
7,Guided,Post,CURE,Investment,4
8,Guided,Post,CURE,Investment,
9,Guided,Post,CURE,Investment,4
10,Guided,Post,CURE,Investment,2
11,Guided,Post,CURE,Investment,1
12,Guided,Post,CURE,Investment,4
13,Guided,Post,CURE,Investment,5
14,Guided,Post,CURE,Investment,4
15,Guided,Post,CURE,Investment,4
16,Guided,Post,CURE,Investment,5
17,Guided,Post,CURE,Investment,4
18,Guided,Post,CURE,Investment,4
19,Guided,Post,CURE,Investment,4
20,Guided,Post,CURE,Investment,
21,Guided,Post,CURE,Investment,5
22,Guided,Post,CURE,Investment,4
23,Guided,Post,CURE,Investment,
24,Guided,Post,CURE,Investment,5
25,Guided,Post,CURE,Investment,4
26,Guided,Post,CURE,Investment,4
27,Guided,Post,CURE,Investment,4
28,Guided,Post,CURE,Investment,5
unid2,Autonomous,Post,CURE,Investment,4
ALI-22,Autonomous,Post,CURE,Investment,
AMY-31,Autonomous,Post,CURE,Investment,3
AND-71,Autonomous,Post,CURE,Investment,4
ASH-36,Autonomous,Post,CURE,Investment,
BEC-10,Autonomous,Post,CURE,Investment,5
BUF-12,Autonomous,Post,CURE,Investment,5
CAR-24,Autonomous,Post,CURE,Investment,
CIN-80,Autonomous,Post,CURE,Investment,4
COL-11,Autonomous,Post,CURE,Investment,3
CON-11,Autonomous,Post,CURE,Investment,2
CON-68,Autonomous,Post,CURE,Investment,5
DON-64,Autonomous,Post,CURE,Investment,3
HUI-14,Autonomous,Post,CURE,Investment,5
IDA-HA,Autonomous,Post,CURE,Investment,5
JUD-32,Autonomous,Post,CURE,Investment,
KYU-13,Autonomous,Post,CURE,Investment,5
LAD-11,Autonomous,Post,CURE,Investment,
LAU-21,Autonomous,Post,CURE,Investment,
LAU-91,Autonomous,Post,CURE,Investment,
LIS-80,Autonomous,Post,CURE,Investment,4
16-Mar,Autonomous,Post,CURE,Investment,
31-Mar,Autonomous,Post,CURE,Investment,4
PAT-22,Autonomous,Post,CURE,Investment,5
ROQ-20,Autonomous,Post,CURE,Investment,
RHO-36,Autonomous,Post,CURE,Investment,4
RHO-80,Autonomous,Post,CURE,Investment,5
SHA-26,Autonomous,Post,CURE,Investment,5
TAM-30,Autonomous,Post,CURE,Investment,
TRE-15,Autonomous,Post,CURE,Investment,
unid3,Autonomous,Post,CURE,Investment,
unid4,Autonomous,Post,CURE,Investment,
TIC-21,Autonomous,Post,CURE,Investment,5
CAR-91,Autonomous,Post,CURE,Investment,4
LIL-20,Autonomous,Post,CURE,Investment,3
unid,Autonomous,Post,CURE,Investment,5
